Codi_Barri,Nom_Barri,poblacio_total,n_refugis_brut,n_refugis_filtrat,taxa_brut,taxa_filtrat,caiguda_absoluta,caiguda_pct,index_vulnerabilitat
73,la Verneda i la Pau,30877,7,2,0.22670596236681023,0.06477313210480293,0.1619328302620073,71.4,0.8287671232876712
44,Vilapicina i la Torre Llobeta,26343,8,2,0.3036859886876969,0.07592149717192423,0.2277644915157727,75.0,0.7465753424657534
17,Sants - Badal,25201,3,1,0.1190428951232094,0.0396809650410698,0.0793619300821396,66.7,0.6506849315068493
63,Navas,22581,3,1,0.13285505513484788,0.04428501837828263,0.08857003675656525,66.7,0.6164383561643836
39,Sant Genís dels Agudells,7882,2,0,0.2537427048972342,0.0,0.2537427048972342,100.0,0.6027397260273972
